artifact_type,path,run_id,schedule_slot,run_time_bj,run_time_au,run_created_at,run_status,data_quality_status,file_created_at,file_modified_at,file_metadata_changed_at,size_bytes,sha256
moomoo_raw_data,data/moomoo/moomoo_collect_20260612T130021Z_3e03c0c0/US_AAPL_K_DAY_2026-06-01_2026-06-12.csv,moomoo_collect_20260612T130021Z_3e03c0c0,MOOMOO_COLLECT,2026-06-12T21:00:21+08:00,2026-06-12T23:00:21+10:00,2026-06-12T13:00:21+00:00,success,pass,2026-06-12T21:00:21+08:00,2026-06-12T21:00:21+08:00,2026-06-12T21:00:22+08:00,1264,dcbc4149b4f9ab55f500f27b62341a0a660ea1cdceef94dfb38e846c08fffdb6
moomoo_snapshot,data/moomoo/moomoo_collect_20260612T130021Z_3e03c0c0/snapshot.json,moomoo_collect_20260612T130021Z_3e03c0c0,MOOMOO_COLLECT,2026-06-12T21:00:21+08:00,2026-06-12T23:00:21+10:00,2026-06-12T13:00:21+00:00,success,pass,2026-06-12T21:00:21+08:00,2026-06-12T21:00:21+08:00,2026-06-12T21:00:21+08:00,5268,3e96ac1c52a1cfa9875a5c87797f8946b689ca80692840828b332082b658761e
moomoo_raw_data,data/moomoo/moomoo_collect_20260612T130400Z_67766471/US_AAPL_K_DAY_2026-06-01_2026-06-12.csv,moomoo_collect_20260612T130400Z_67766471,MOOMOO_COLLECT,2026-06-12T21:04:01+08:00,2026-06-12T23:04:01+10:00,2026-06-12T13:04:00+00:00,success,pass,2026-06-12T21:04:01+08:00,2026-06-12T21:04:01+08:00,2026-06-12T21:04:01+08:00,1264,dcbc4149b4f9ab55f500f27b62341a0a660ea1cdceef94dfb38e846c08fffdb6
moomoo_snapshot,data/moomoo/moomoo_collect_20260612T130400Z_67766471/snapshot.json,moomoo_collect_20260612T130400Z_67766471,MOOMOO_COLLECT,2026-06-12T21:04:01+08:00,2026-06-12T23:04:01+10:00,2026-06-12T13:04:00+00:00,success,pass,2026-06-12T21:04:01+08:00,2026-06-12T21:04:01+08:00,2026-06-12T21:04:01+08:00,5273,2677c0651445142ca8a72296261bbb857b14a74320d9be861d479e9b237c4e2f
moomoo_raw_data,data/moomoo/moomoo_collect_20260612T131136Z_20ee143e/US_AAPL_K_DAY_2026-06-01_2026-06-12.csv,moomoo_collect_20260612T131136Z_20ee143e,MOOMOO_COLLECT,2026-06-12T21:11:39+08:00,2026-06-12T23:11:39+10:00,2026-06-12T13:11:36+00:00,success,pass,2026-06-12T21:11:39+08:00,2026-06-12T21:11:39+08:00,2026-06-12T22:04:14+08:00,1264,dcbc4149b4f9ab55f500f27b62341a0a660ea1cdceef94dfb38e846c08fffdb6
moomoo_snapshot,data/moomoo/moomoo_collect_20260612T131136Z_20ee143e/snapshot.json,moomoo_collect_20260612T131136Z_20ee143e,MOOMOO_COLLECT,2026-06-12T21:11:39+08:00,2026-06-12T23:11:39+10:00,2026-06-12T13:11:36+00:00,success,pass,2026-06-12T21:11:38+08:00,2026-06-12T21:11:38+08:00,2026-06-12T22:04:14+08:00,5267,ba6d6d386acd7438411a3036209fafc6c2aac685187aa7646fc289d5c721e4fd
moomoo_raw_data,data/moomoo/moomoo_collect_20260612T133659Z_c879eddf/US_SPY_K_DAY_2026-06-01_2026-06-12.csv,moomoo_collect_20260612T133659Z_c879eddf,MOOMOO_COLLECT,2026-06-12T21:37:03+08:00,2026-06-12T23:37:03+10:00,2026-06-12T13:36:59+00:00,success,pass,2026-06-12T21:37:03+08:00,2026-06-12T21:37:03+08:00,2026-06-12T21:37:03+08:00,1464,2bac161bbae921d8ce78a8b17018713214837129d99a3306e55000cb41a075ec
moomoo_snapshot,data/moomoo/moomoo_collect_20260612T133659Z_c879eddf/snapshot.json,moomoo_collect_20260612T133659Z_c879eddf,MOOMOO_COLLECT,2026-06-12T21:37:03+08:00,2026-06-12T23:37:03+10:00,2026-06-12T13:36:59+00:00,success,pass,2026-06-12T21:37:03+08:00,2026-06-12T21:37:03+08:00,2026-06-12T21:37:03+08:00,5223,c689535794c7c64c417bd677767ca8c62590eca7a458fa7fb542f733878f3a85
moomoo_raw_data,data/moomoo/moomoo_collect_20260612T222828Z_deebca84/HK_03033_K_DAY_2026-03-02_2026-06-12.csv,moomoo_collect_20260612T222828Z_deebca84,MOOMOO_COLLECT,2026-06-13T06:28:57+08:00,2026-06-13T08:28:57+10:00,2026-06-12T22:28:28+00:00,partial,manual_review,2026-06-13T06:28:57+08:00,2026-06-13T06:28:57+08:00,2026-06-13T06:28:58+08:00,10275,8c5214b65f4ae8a94efb4254f4326fda37548591333d12515d1f3bddddf3b758
moomoo_raw_data,data/moomoo/moomoo_collect_20260612T222828Z_deebca84/US_QQQ_K_DAY_2026-03-02_2026-06-12.csv,moomoo_collect_20260612T222828Z_deebca84,MOOMOO_COLLECT,2026-06-13T06:28:57+08:00,2026-06-13T08:28:57+10:00,2026-06-12T22:28:28+00:00,partial,manual_review,2026-06-13T06:28:56+08:00,2026-06-13T06:28:56+08:00,2026-06-13T06:28:57+08:00,10640,53e70ec22bf7eb876ad6d4570139b5113def207e1e3c4942b8a8fd217c30d6f0
moomoo_raw_data,data/moomoo/moomoo_collect_20260612T222828Z_deebca84/US_SOXX_K_DAY_2026-03-02_2026-06-12.csv,moomoo_collect_20260612T222828Z_deebca84,MOOMOO_COLLECT,2026-06-13T06:28:57+08:00,2026-06-13T08:28:57+10:00,2026-06-12T22:28:28+00:00,partial,manual_review,2026-06-13T06:28:57+08:00,2026-06-13T06:28:57+08:00,2026-06-13T06:28:58+08:00,11016,ea41ff3b03dcf62cb17610725c39ffffb8e9c8400596befa5cfba7492df20500
notification_artifact,data/notifications/mail_smoke_20260613T003356.md,,,,,,,,2026-06-13T00:33:56+08:00,2026-06-13T00:33:56+08:00,2026-06-13T00:33:56+08:00,193,24dc64faca3c4f69aecd612c85554673af577dd3668d850e9e0f58e41e37298f
notification_artifact,data/notifications/mail_smoke_20260613T003900.md,,,,,,,,2026-06-13T00:39:00+08:00,2026-06-13T00:39:00+08:00,2026-06-13T00:39:01+08:00,193,24dc64faca3c4f69aecd612c85554673af577dd3668d850e9e0f58e41e37298f
notification_artifact,data/notifications/mail_smoke_20260613T044639.md,,,,,,,,2026-06-13T04:46:39+08:00,2026-06-13T04:46:39+08:00,2026-06-13T04:46:39+08:00,193,24dc64faca3c4f69aecd612c85554673af577dd3668d850e9e0f58e41e37298f
notification_artifact,data/notifications/mail_smoke_20260613T052928.md,,,,,,,,2026-06-13T05:29:28+08:00,2026-06-13T05:29:28+08:00,2026-06-13T05:29:28+08:00,193,24dc64faca3c4f69aecd612c85554673af577dd3668d850e9e0f58e41e37298f
notification_artifact,data/notifications/mail_smoke_20260613T063553.md,,,,,,,,2026-06-13T06:35:53+08:00,2026-06-13T06:35:53+08:00,2026-06-14T01:25:55+08:00,216,ac882109daabc01eba90cd3fa7615fd1ebe0a7ef03b2d0d816b79a73abbdde87
notification_artifact,data/notifications/mail_smoke_20260613T064343.md,,,,,,,,2026-06-13T06:43:43+08:00,2026-06-13T06:43:43+08:00,2026-06-14T01:23:37+08:00,193,24dc64faca3c4f69aecd612c85554673af577dd3668d850e9e0f58e41e37298f
notification_artifact,data/notifications/moomoo_collect_20260612T130021Z_3e03c0c0_info_local_notification.applescript,moomoo_collect_20260612T130021Z_3e03c0c0,MOOMOO_COLLECT,2026-06-12T21:00:21+08:00,2026-06-12T23:00:21+10:00,2026-06-12T13:00:21+00:00,success,pass,2026-06-12T21:04:16+08:00,2026-06-12T21:04:16+08:00,2026-06-12T21:04:17+08:00,392,e709dd4fd4b068f1789b09d345f504fc8b551ed2af395c455e052781147ab3b2
notification_artifact,data/notifications/moomoo_collect_20260612T130021Z_3e03c0c0_info_mail.md,moomoo_collect_20260612T130021Z_3e03c0c0,MOOMOO_COLLECT,2026-06-12T21:00:21+08:00,2026-06-12T23:00:21+10:00,2026-06-12T13:00:21+00:00,success,pass,2026-06-12T21:04:16+08:00,2026-06-12T21:04:16+08:00,2026-06-12T21:04:17+08:00,1080,88a38f0074adc76a583b1c6b224b06b9c1a1467c925043fcae22557f696df604
notification_artifact,data/notifications/sda_20260612T121124Z_r7_5dacbac6_alert.md,sda_20260612T121124Z_r7_5dacbac6,R7,2026-06-12T14:00:00+08:00,2026-06-12T16:00:00+10:00,2026-06-12T12:11:24+00:00,degraded,manual_review,2026-06-12T20:11:24+08:00,2026-06-12T20:11:24+08:00,2026-06-12T20:11:24+08:00,555,13856159719ce9265f5755a727ec5b9cc8d94f8dfa226e367465e8374a777b3c
notification_artifact,data/notifications/sda_20260612T121246Z_r7_5492880d_alert.md,sda_20260612T121246Z_r7_5492880d,R7,2026-06-12T14:00:00+08:00,2026-06-12T16:00:00+10:00,2026-06-12T12:12:46+00:00,degraded,manual_review,2026-06-12T20:12:47+08:00,2026-06-12T20:12:47+08:00,2026-06-12T20:12:47+08:00,565,7e19ad466a7d0c213e2f5abca799d377008f2373558ec75a25c21d2e96ca082a
notification_artifact,data/notifications/sda_20260612T122902Z_r11_ca0de309_alert.md,sda_20260612T122902Z_r11_ca0de309,R11,2026-06-12T17:00:00+08:00,2026-06-12T19:00:00+10:00,2026-06-12T12:29:02+00:00,degraded,manual_review,2026-06-12T20:29:02+08:00,2026-06-12T20:29:02+08:00,2026-06-12T20:29:03+08:00,567,2c4b2e1ab1388ff543e67ee60498b89f5b0fdb2eff15ed3ca1ced347b58de163
notification_artifact,data/notifications/sda_20260612T122902Z_r6_4cdf476d_alert.md,sda_20260612T122902Z_r6_4cdf476d,R6,2026-06-12T13:30:00+08:00,2026-06-12T15:30:00+10:00,2026-06-12T12:29:02+00:00,degraded,manual_review,2026-06-12T20:29:02+08:00,2026-06-12T20:29:02+08:00,2026-06-12T20:29:03+08:00,565,d5856f4bac087a661beea1dbf3987271188aa22b9e83ed851223f553e2599509
notification_artifact,data/notifications/sda_20260612T122902Z_r6_4cdf476d_urgent_local_notification.applescript,sda_20260612T122902Z_r6_4cdf476d,R6,2026-06-12T13:30:00+08:00,2026-06-12T15:30:00+10:00,2026-06-12T12:29:02+00:00,degraded,manual_review,2026-06-12T20:29:19+08:00,2026-06-12T20:29:19+08:00,2026-06-12T20:29:19+08:00,373,56cfe926253299de07a36d8fec192a984669101b12fd74bc9b8df28671d0896d
notification_artifact,data/notifications/sda_20260612T122902Z_r6_4cdf476d_urgent_mail.md,sda_20260612T122902Z_r6_4cdf476d,R6,2026-06-12T13:30:00+08:00,2026-06-12T15:30:00+10:00,2026-06-12T12:29:02+00:00,degraded,manual_review,2026-06-12T20:29:19+08:00,2026-06-12T20:29:19+08:00,2026-06-12T20:29:19+08:00,3544,839c29bd8b6ba0ea4ca3a7285563d2fe2d79813f44ba79efdd04965152bef5e7
notification_artifact,data/notifications/sda_20260612T122902Z_r7_e791c6e9_alert.md,sda_20260612T122902Z_r7_e791c6e9,R7,2026-06-12T14:00:00+08:00,2026-06-12T16:00:00+10:00,2026-06-12T12:29:02+00:00,degraded,manual_review,2026-06-12T20:29:02+08:00,2026-06-12T20:29:02+08:00,2026-06-12T20:29:03+08:00,565,a44267c621878cbb0f55d9e5b5ef89e9799e68e22cfdaaf067f9975566289256
notification_artifact,data/notifications/sda_20260612T122919Z_r7_add1687e_alert.md,sda_20260612T122919Z_r7_add1687e,R7,2026-06-12T14:00:00+08:00,2026-06-12T16:00:00+10:00,2026-06-12T12:29:19+00:00,degraded,manual_review,2026-06-12T20:29:19+08:00,2026-06-12T20:29:19+08:00,2026-06-12T20:29:20+08:00,565,29c8fce1a59d2cf201e86c2c3992abe7173512d9ab558704b970eafee8e7abb6
notification_artifact,data/notifications/sda_20260612T122919Z_r7_add1687e_urgent_local_notification.applescript,sda_20260612T122919Z_r7_add1687e,R7,2026-06-12T14:00:00+08:00,2026-06-12T16:00:00+10:00,2026-06-12T12:29:19+00:00,degraded,manual_review,2026-06-12T20:30:34+08:00,2026-06-12T20:30:34+08:00,2026-06-12T20:30:34+08:00,373,9fb4037314902aa44089e43a3a49fa85baf32936c44da07cd8dff9d4d704e959
notification_artifact,data/notifications/sda_20260612T122919Z_r7_add1687e_urgent_mail.md,sda_20260612T122919Z_r7_add1687e,R7,2026-06-12T14:00:00+08:00,2026-06-12T16:00:00+10:00,2026-06-12T12:29:19+00:00,degraded,manual_review,2026-06-12T20:30:34+08:00,2026-06-12T20:30:34+08:00,2026-06-12T20:30:34+08:00,3572,ff9e9a4e9304fc01fef276cfa17ac7e615e954fe169c71b6f865e93d5fb39087
notification_artifact,data/notifications/sda_20260612T123134Z_r7_f90ff0b7_alert.md,sda_20260612T123134Z_r7_f90ff0b7,R7,2026-06-12T14:00:00+08:00,2026-06-12T16:00:00+10:00,2026-06-12T12:31:34+00:00,degraded,manual_review,2026-06-12T20:31:34+08:00,2026-06-12T20:31:34+08:00,2026-06-12T20:31:35+08:00,565,28181e9458a6f10f84ad6f7683d37e8655bb4967d4b6288dac099e7917d0fccf
notification_artifact,data/notifications/sda_20260612T123134Z_r7_f90ff0b7_urgent_local_notification.applescript,sda_20260612T123134Z_r7_f90ff0b7,R7,2026-06-12T14:00:00+08:00,2026-06-12T16:00:00+10:00,2026-06-12T12:31:34+00:00,degraded,manual_review,2026-06-12T20:31:52+08:00,2026-06-12T20:43:41+08:00,2026-06-12T20:43:41+08:00,373,95bde99ef89dc24ff840b699ce024d84dbfabdf43b6cab4192b6a27d6252049a
notification_artifact,data/notifications/sda_20260612T123134Z_r7_f90ff0b7_urgent_mail.md,sda_20260612T123134Z_r7_f90ff0b7,R7,2026-06-12T14:00:00+08:00,2026-06-12T16:00:00+10:00,2026-06-12T12:31:34+00:00,degraded,manual_review,2026-06-12T20:31:52+08:00,2026-06-12T20:43:41+08:00,2026-06-12T20:43:41+08:00,3572,3631eeaabfcdca68e635ea7eb4f0a223e56f2e322db43be1af68d452b5b89a67
notification_artifact,data/notifications/sda_20260612T124341Z_r7_8f30c216_alert.md,sda_20260612T124341Z_r7_8f30c216,R7,2026-06-12T14:00:00+08:00,2026-06-12T16:00:00+10:00,2026-06-12T12:43:41+00:00,degraded,manual_review,2026-06-12T20:43:42+08:00,2026-06-12T20:43:42+08:00,2026-06-12T20:43:43+08:00,565,cb18a1e95c4f7b2cd308899f175f8b05448f144e6d8abd7c46b28f2cc6cd5327
notification_artifact,data/notifications/sda_20260612T124341Z_r7_8f30c216_urgent_local_notification.applescript,sda_20260612T124341Z_r7_8f30c216,R7,2026-06-12T14:00:00+08:00,2026-06-12T16:00:00+10:00,2026-06-12T12:43:41+00:00,degraded,manual_review,2026-06-12T20:45:53+08:00,2026-06-12T20:45:53+08:00,2026-06-12T20:45:53+08:00,373,0b25e3655007b523f3a4727ed2f14ac6074d60b2dd87bb6335b4f9b46cce5f5a
notification_artifact,data/notifications/sda_20260612T124341Z_r7_8f30c216_urgent_mail.md,sda_20260612T124341Z_r7_8f30c216,R7,2026-06-12T14:00:00+08:00,2026-06-12T16:00:00+10:00,2026-06-12T12:43:41+00:00,degraded,manual_review,2026-06-12T20:45:53+08:00,2026-06-12T20:45:53+08:00,2026-06-12T20:45:53+08:00,3572,9c3bac033ffaf691b6a3f6bbd67579fb80c6ba081554ace13facd86c5f3966b8
notification_artifact,data/notifications/sda_20260612T124553Z_r7_24a16c28_alert.md,sda_20260612T124553Z_r7_24a16c28,R7,2026-06-12T14:00:00+08:00,2026-06-12T16:00:00+10:00,2026-06-12T12:45:53+00:00,degraded,manual_review,2026-06-12T20:45:53+08:00,2026-06-12T20:45:53+08:00,2026-06-12T20:45:53+08:00,565,d7ed3da968b6a40599cd34ce8019d22c333089893175e2a90eb1ac2423f684b5
notification_artifact,data/notifications/sda_20260612T130416Z_r7_eae1cc9a_alert.md,sda_20260612T130416Z_r7_eae1cc9a,R7,2026-06-12T14:00:00+08:00,2026-06-12T16:00:00+10:00,2026-06-12T13:04:16+00:00,success,manual_review,2026-06-12T21:04:16+08:00,2026-06-12T21:04:16+08:00,2026-06-12T21:04:17+08:00,565,47b20acf91e9cb2a86ca791bfc67f8f24b52d18b01f76a7c423501484141c6ae
notification_artifact,data/notifications/sda_20260612T130416Z_r7_eae1cc9a_urgent_local_notification.applescript,sda_20260612T130416Z_r7_eae1cc9a,R7,2026-06-12T14:00:00+08:00,2026-06-12T16:00:00+10:00,2026-06-12T13:04:16+00:00,success,manual_review,2026-06-12T21:05:00+08:00,2026-06-12T21:05:00+08:00,2026-06-12T21:05:00+08:00,373,675975d4c002bc4828348e541f808f117cc1c974f2136f6c628f53fbca93f527
notification_artifact,data/notifications/sda_20260612T130416Z_r7_eae1cc9a_urgent_mail.md,sda_20260612T130416Z_r7_eae1cc9a,R7,2026-06-12T14:00:00+08:00,2026-06-12T16:00:00+10:00,2026-06-12T13:04:16+00:00,success,manual_review,2026-06-12T21:05:00+08:00,2026-06-12T21:05:00+08:00,2026-06-12T21:05:00+08:00,3572,4177947837fec8c4144394d886d348bc6206dbd6d5f66aba888f9d8efdd0750d
notification_artifact,data/notifications/sda_20260612T131641Z_r7_198b8991_alert.md,sda_20260612T131641Z_r7_198b8991,R7,2026-06-12T14:00:00+08:00,2026-06-12T16:00:00+10:00,2026-06-12T13:16:41+00:00,success,manual_review,2026-06-12T21:16:41+08:00,2026-06-12T21:16:41+08:00,2026-06-12T21:16:41+08:00,565,acdf356341e989481864e1d8f5b424eb2417231a591f0f73a98d5eb55a4e1124
notification_artifact,data/notifications/sda_20260612T131641Z_r7_198b8991_urgent_local_notification.applescript,sda_20260612T131641Z_r7_198b8991,R7,2026-06-12T14:00:00+08:00,2026-06-12T16:00:00+10:00,2026-06-12T13:16:41+00:00,success,manual_review,2026-06-12T21:16:58+08:00,2026-06-12T21:36:40+08:00,2026-06-12T21:36:40+08:00,373,6bb1f611fd7e09d9700098e605fc78346fa8eba9f96db4044a5f5a64612138e2
notification_artifact,data/notifications/sda_20260612T131641Z_r7_198b8991_urgent_mail.md,sda_20260612T131641Z_r7_198b8991,R7,2026-06-12T14:00:00+08:00,2026-06-12T16:00:00+10:00,2026-06-12T13:16:41+00:00,success,manual_review,2026-06-12T21:16:58+08:00,2026-06-12T21:36:40+08:00,2026-06-12T21:36:40+08:00,3572,713dcb2fb7abfd978890ae09430d69ef33b2270dcaa81ac4be2371ab62a58f35
notification_artifact,data/notifications/sda_20260612T133640Z_r7_ebac0009_alert.md,sda_20260612T133640Z_r7_ebac0009,R7,2026-06-12T14:00:00+08:00,2026-06-12T16:00:00+10:00,2026-06-12T13:36:40+00:00,success,manual_review,2026-06-12T21:36:40+08:00,2026-06-12T21:36:40+08:00,2026-06-12T21:36:40+08:00,565,96c14792e355e7cb5f67d1b909e97f0a129f3f4f4975921eddf64944edd35b47
notification_artifact,data/notifications/sda_20260612T133640Z_r7_ebac0009_urgent_local_notification.applescript,sda_20260612T133640Z_r7_ebac0009,R7,2026-06-12T14:00:00+08:00,2026-06-12T16:00:00+10:00,2026-06-12T13:36:40+00:00,success,manual_review,2026-06-12T21:36:48+08:00,2026-06-12T21:36:48+08:00,2026-06-12T21:36:48+08:00,373,d2373a4dae13793efe411b97e7774fa89663a48d76a02b17642787aaafcc57ae
notification_artifact,data/notifications/sda_20260612T133640Z_r7_ebac0009_urgent_mail.md,sda_20260612T133640Z_r7_ebac0009,R7,2026-06-12T14:00:00+08:00,2026-06-12T16:00:00+10:00,2026-06-12T13:36:40+00:00,success,manual_review,2026-06-12T21:36:48+08:00,2026-06-12T21:36:48+08:00,2026-06-12T21:36:48+08:00,3506,5d40f261722030b4bae8c1f0fb2e98fa15264ee3d4648d1139091148f85a042d
notification_artifact,data/notifications/sda_20260612T134751Z_r8_156c2209_alert.md,sda_20260612T134751Z_r8_156c2209,R8,2026-06-12T14:30:00+08:00,2026-06-12T16:30:00+10:00,2026-06-12T13:47:51+00:00,success,manual_review,2026-06-12T21:47:51+08:00,2026-06-12T21:47:51+08:00,2026-06-12T21:47:51+08:00,565,84cdc4aaff15d14888a46f5f230ecb0b45aa07a9a33337120a2fd5994e47924a
notification_artifact,data/notifications/sda_20260612T134751Z_r8_156c2209_urgent_local_notification.applescript,sda_20260612T134751Z_r8_156c2209,R8,2026-06-12T14:30:00+08:00,2026-06-12T16:30:00+10:00,2026-06-12T13:47:51+00:00,success,manual_review,2026-06-12T21:47:51+08:00,2026-06-12T21:47:51+08:00,2026-06-12T21:47:51+08:00,373,5486ef33d1dba31cb06e8718955b4e98b48754aaea16a1149a654a306534cf30
notification_artifact,data/notifications/sda_20260612T134751Z_r8_156c2209_urgent_mail.md,sda_20260612T134751Z_r8_156c2209,R8,2026-06-12T14:30:00+08:00,2026-06-12T16:30:00+10:00,2026-06-12T13:47:51+00:00,success,manual_review,2026-06-12T21:47:51+08:00,2026-06-12T21:47:51+08:00,2026-06-12T21:47:51+08:00,3506,bc995c441323c901fb3e12f90fb8c7ee87c7b3df6ae28e9f7b7130809532deef
notification_artifact,data/notifications/sda_20260612T134953Z_r9_3617c744_alert.md,sda_20260612T134953Z_r9_3617c744,R9,2026-06-12T15:00:00+08:00,2026-06-12T17:00:00+10:00,2026-06-12T13:49:53+00:00,success,manual_review,2026-06-12T21:49:53+08:00,2026-06-12T21:49:53+08:00,2026-06-12T21:49:53+08:00,565,3732f24c14526cbba847d07d0ba6376e32fad7a8dce83898867fa9adc2e65f60
notification_artifact,data/notifications/sda_20260612T134953Z_r9_3617c744_urgent_local_notification.applescript,sda_20260612T134953Z_r9_3617c744,R9,2026-06-12T15:00:00+08:00,2026-06-12T17:00:00+10:00,2026-06-12T13:49:53+00:00,success,manual_review,2026-06-12T21:49:53+08:00,2026-06-12T21:49:53+08:00,2026-06-12T21:49:54+08:00,373,691836d79fc558725564ef4444ce9797f6f8a4b7a72136bc76ef7c0400074ea2
notification_artifact,data/notifications/sda_20260612T134953Z_r9_3617c744_urgent_mail.md,sda_20260612T134953Z_r9_3617c744,R9,2026-06-12T15:00:00+08:00,2026-06-12T17:00:00+10:00,2026-06-12T13:49:53+00:00,success,manual_review,2026-06-12T21:49:53+08:00,2026-06-12T21:49:53+08:00,2026-06-12T21:49:54+08:00,3501,9275173a6781d59656d2b60c5c58930eeb03d14c4d118732bf0f171a46fb6412
notification_artifact,data/notifications/sda_20260612T135355Z_r10_1ed0cc9a_alert.md,sda_20260612T135355Z_r10_1ed0cc9a,R10,2026-06-12T15:30:00+08:00,2026-06-12T17:30:00+10:00,2026-06-12T13:53:55+00:00,success,manual_review,2026-06-12T21:53:55+08:00,2026-06-12T21:53:55+08:00,2026-06-12T21:53:55+08:00,567,3a9e249439db04987496dddbb3a18c23ab44240715e65d73b05e64f0eb527c94
notification_artifact,data/notifications/sda_20260612T135355Z_r10_1ed0cc9a_urgent_local_notification.applescript,sda_20260612T135355Z_r10_1ed0cc9a,R10,2026-06-12T15:30:00+08:00,2026-06-12T17:30:00+10:00,2026-06-12T13:53:55+00:00,success,manual_review,2026-06-12T21:53:55+08:00,2026-06-12T21:53:55+08:00,2026-06-12T21:53:55+08:00,372,630325b51dc7e986f599a4f95a8cdb4d7159aa25be7f5cad088a4d34f93e6acf
notification_artifact,data/notifications/sda_20260612T135355Z_r10_1ed0cc9a_urgent_mail.md,sda_20260612T135355Z_r10_1ed0cc9a,R10,2026-06-12T15:30:00+08:00,2026-06-12T17:30:00+10:00,2026-06-12T13:53:55+00:00,success,manual_review,2026-06-12T21:53:55+08:00,2026-06-12T21:53:55+08:00,2026-06-12T21:53:55+08:00,3503,dd7f5ae8dd296dbdee54c7db9a5fc56b8b450fbb696fad1f3630a64259663c18
notification_artifact,data/notifications/sda_20260612T154921Z_r10_d1c71c5c_alert.md,sda_20260612T154921Z_r10_d1c71c5c,R10,2026-06-12T15:30:00+08:00,2026-06-12T17:30:00+10:00,2026-06-12T15:49:21+00:00,success,manual_review,2026-06-12T23:49:21+08:00,2026-06-12T23:49:21+08:00,2026-06-12T23:49:22+08:00,685,8acf9fb41e76f2ee58259ff02a7a82faec3cc5641e80a9f9a31204eaab8bc506
notification_artifact,data/notifications/sda_20260612T154921Z_r10_d1c71c5c_urgent_local_notification.applescript,sda_20260612T154921Z_r10_d1c71c5c,R10,2026-06-12T15:30:00+08:00,2026-06-12T17:30:00+10:00,2026-06-12T15:49:21+00:00,success,manual_review,2026-06-12T23:49:28+08:00,2026-06-12T23:49:28+08:00,2026-06-12T23:49:28+08:00,372,bc77e52759308adb9a9d0c3758423cd9e52a85d1f70912e6c53ede3d53e3c4ab
notification_artifact,data/notifications/sda_20260612T154921Z_r10_d1c71c5c_urgent_mail.md,sda_20260612T154921Z_r10_d1c71c5c,R10,2026-06-12T15:30:00+08:00,2026-06-12T17:30:00+10:00,2026-06-12T15:49:21+00:00,success,manual_review,2026-06-12T23:49:28+08:00,2026-06-12T23:49:28+08:00,2026-06-12T23:49:28+08:00,3655,5e25c638c4fbafe5ced788bb450a00bdce11a7ea7739fbafa5dc4bf07d9a6e6d
notification_artifact,data/notifications/sda_20260612T155119Z_r10_b8ed3e38_alert.md,sda_20260612T155119Z_r10_b8ed3e38,R10,2026-06-12T15:30:00+08:00,2026-06-12T17:30:00+10:00,2026-06-12T15:51:19+00:00,success,manual_review,2026-06-12T23:51:19+08:00,2026-06-12T23:51:19+08:00,2026-06-12T23:51:19+08:00,685,995f329776087dee6a4905993f170aa7a6bc3005990cfec3f3c10a017738c715
notification_artifact,data/notifications/sda_20260612T155119Z_r10_b8ed3e38_urgent_local_notification.applescript,sda_20260612T155119Z_r10_b8ed3e38,R10,2026-06-12T15:30:00+08:00,2026-06-12T17:30:00+10:00,2026-06-12T15:51:19+00:00,success,manual_review,2026-06-12T23:51:24+08:00,2026-06-12T23:51:24+08:00,2026-06-12T23:51:24+08:00,372,9a275d97b7d66619368a02d839858d8df3b35f0837faa01a68819e86c391142d
notification_artifact,data/notifications/sda_20260612T155119Z_r10_b8ed3e38_urgent_mail.md,sda_20260612T155119Z_r10_b8ed3e38,R10,2026-06-12T15:30:00+08:00,2026-06-12T17:30:00+10:00,2026-06-12T15:51:19+00:00,success,manual_review,2026-06-12T23:51:24+08:00,2026-06-12T23:51:24+08:00,2026-06-12T23:51:24+08:00,3655,16f0aa3cad71f5665c248fadc9b2af9062a6253c011ae8d466a340d67632712a
notification_artifact,data/notifications/sda_20260612T223410Z_r1_b30227f6_alert.md,sda_20260612T223410Z_r1_b30227f6,R1,2026-06-13T06:00:00+08:00,2026-06-13T08:00:00+10:00,2026-06-12T22:34:10+00:00,success,pass,2026-06-13T06:34:13+08:00,2026-06-13T06:34:13+08:00,2026-06-13T06:34:13+08:00,705,2e30805e7f5aa1b9989ed8e9a192d9f5b3e339f7ad505afcf3e183b4135c8e40
notification_artifact,data/notifications/sda_20260612T223455Z_r2_5818c189_info.md,sda_20260612T223455Z_r2_5818c189,R2,2026-06-13T08:00:00+08:00,2026-06-13T10:00:00+10:00,2026-06-12T22:34:55+00:00,success,pass,2026-06-13T06:34:55+08:00,2026-06-13T06:34:55+08:00,2026-06-13T06:34:55+08:00,693,111b2b5fa6dce5ba75c43276e33395851510fd6546cebf7dda34eab7b4e59826
notification_artifact,data/notifications/sda_20260612T223455Z_r2_5818c189_info_local_notification.applescript,sda_20260612T223455Z_r2_5818c189,R2,2026-06-13T08:00:00+08:00,2026-06-13T10:00:00+10:00,2026-06-12T22:34:55+00:00,success,pass,2026-06-13T06:37:37+08:00,2026-06-13T06:37:37+08:00,2026-06-13T06:37:37+08:00,364,df98cde7cb01da1aabd71e201d989c3f0ef21729cdf1682ee7602ba192728e1d
notification_artifact,data/notifications/sda_20260612T223455Z_r2_5818c189_info_mail.md,sda_20260612T223455Z_r2_5818c189,R2,2026-06-13T08:00:00+08:00,2026-06-13T10:00:00+10:00,2026-06-12T22:34:55+00:00,success,pass,2026-06-13T06:37:37+08:00,2026-06-13T06:37:37+08:00,2026-06-13T06:37:37+08:00,3753,7e8634af16abef01b00d5b7daa0ad2ae47eb9d2fcd7f4206067f8eac77fd16e3
notification_artifact,data/notifications/sda_20260612T223455Z_r2_5818c189_urgent_local_notification.applescript,sda_20260612T223455Z_r2_5818c189,R2,2026-06-13T08:00:00+08:00,2026-06-13T10:00:00+10:00,2026-06-12T22:34:55+00:00,success,pass,2026-06-13T06:36:22+08:00,2026-06-13T06:36:22+08:00,2026-06-13T06:36:24+08:00,373,c983ef4d66ccdfc0e869fe3beeafe91da6961d0aa99190c27f3dd31802700a2d
notification_artifact,data/notifications/sda_20260612T223455Z_r2_5818c189_urgent_mail.md,sda_20260612T223455Z_r2_5818c189,R2,2026-06-13T08:00:00+08:00,2026-06-13T10:00:00+10:00,2026-06-12T22:34:55+00:00,success,pass,2026-06-13T06:36:22+08:00,2026-06-13T06:36:22+08:00,2026-06-13T06:36:23+08:00,3773,33e19eb49f05f9464e713c92e665a8c188f481cf98e547787d7af469a10a8d43
notification_artifact,data/notifications/sda_20260612T223455Z_r2_5818c189_warn_local_notification.applescript,sda_20260612T223455Z_r2_5818c189,R2,2026-06-13T08:00:00+08:00,2026-06-13T10:00:00+10:00,2026-06-12T22:34:55+00:00,success,pass,2026-06-13T06:37:08+08:00,2026-06-13T06:37:08+08:00,2026-06-13T06:37:08+08:00,364,07f34ee3652ee835fd35a65a7e9814cab20d8a1edbcda3fe616f41bc10ad1e7e
notification_artifact,data/notifications/sda_20260612T223455Z_r2_5818c189_warn_mail.md,sda_20260612T223455Z_r2_5818c189,R2,2026-06-13T08:00:00+08:00,2026-06-13T10:00:00+10:00,2026-06-12T22:34:55+00:00,success,pass,2026-06-13T06:37:08+08:00,2026-06-13T06:37:08+08:00,2026-06-13T06:37:08+08:00,3753,76c9a52c17500fc7074bd2af1287bee3b6250c658bc1b7b80ac71dcd0902740a
notification_artifact,data/notifications/sda_20260612T232320Z_r7_225b44c5_alert.md,sda_20260612T232320Z_r7_225b44c5,R7,2026-06-13T14:00:00+08:00,2026-06-13T16:00:00+10:00,2026-06-12T23:23:20+00:00,success,pass,2026-06-13T07:23:20+08:00,2026-06-13T07:23:20+08:00,2026-06-13T07:23:20+08:00,696,df0fc832acf8e97601e5cd00b0202215fdc4854a5894d3b89d29b5d8012cb331
notification_artifact,data/notifications/sda_20260612T232320Z_r7_225b44c5_alert_local_notification.applescript,sda_20260612T232320Z_r7_225b44c5,R7,2026-06-13T14:00:00+08:00,2026-06-13T16:00:00+10:00,2026-06-12T23:23:20+00:00,success,pass,2026-06-13T07:23:20+08:00,2026-06-13T07:23:20+08:00,2026-06-13T07:23:21+08:00,365,1dc8cc8621e050697eb04360a71f968fda361df5b1d73938a8906690eebac9b8
notification_artifact,data/notifications/sda_20260612T232320Z_r7_225b44c5_alert_mail.md,sda_20260612T232320Z_r7_225b44c5,R7,2026-06-13T14:00:00+08:00,2026-06-13T16:00:00+10:00,2026-06-12T23:23:20+00:00,success,pass,2026-06-13T07:23:20+08:00,2026-06-13T07:23:20+08:00,2026-06-13T07:23:21+08:00,3935,6d4706e1dd97872e084a36caa141a41be09f994b6df54dc7f45ff57d1925eea8
notification_artifact,data/notifications/sda_20260612T232600Z_r7_db885ff0_info.md,sda_20260612T232600Z_r7_db885ff0,R7,2026-06-15T14:00:00+08:00,2026-06-15T16:00:00+10:00,2026-06-12T23:26:00+00:00,success,pass,2026-06-13T07:26:00+08:00,2026-06-13T07:26:00+08:00,2026-06-13T07:26:29+08:00,693,08f1ccef0ecc64fe9d3f33986df2f5ec3934a7d154c17ff0f4f124c7e0b9869f
notification_artifact,data/notifications/sda_20260612T232600Z_r7_db885ff0_info_local_notification.applescript,sda_20260612T232600Z_r7_db885ff0,R7,2026-06-15T14:00:00+08:00,2026-06-15T16:00:00+10:00,2026-06-12T23:26:00+00:00,success,pass,2026-06-13T07:26:00+08:00,2026-06-13T07:26:00+08:00,2026-06-13T07:26:29+08:00,364,7e4c04f3bc5dd4920bfab83dfb57cc975e7976c0cdcb6d99e6720ca45a6c5da3
notification_artifact,data/notifications/sda_20260612T232600Z_r7_db885ff0_info_mail.md,sda_20260612T232600Z_r7_db885ff0,R7,2026-06-15T14:00:00+08:00,2026-06-15T16:00:00+10:00,2026-06-12T23:26:00+00:00,success,pass,2026-06-13T07:26:00+08:00,2026-06-13T07:26:00+08:00,2026-06-13T07:26:29+08:00,3753,f9ed3bc2ae22c5555c634f5a09935e46a705acaa73e44eec626f691fd3ab08c4
notification_artifact,data/notifications/sda_20260612T232914Z_r7_3376fbc9_info.md,sda_20260612T232914Z_r7_3376fbc9,R7,2026-06-15T14:00:00+08:00,2026-06-15T16:00:00+10:00,2026-06-12T23:29:14+00:00,success,pass,2026-06-13T07:29:14+08:00,2026-06-13T07:29:14+08:00,2026-06-13T07:29:14+08:00,693,ee7cab2eac997286ed60b6b87cc1e0553cc3b928cd66e8c9fef13f98e0e2297e
notification_artifact,data/notifications/sda_20260612T232914Z_r7_3376fbc9_info_local_notification.applescript,sda_20260612T232914Z_r7_3376fbc9,R7,2026-06-15T14:00:00+08:00,2026-06-15T16:00:00+10:00,2026-06-12T23:29:14+00:00,success,pass,2026-06-13T07:29:14+08:00,2026-06-13T07:29:14+08:00,2026-06-13T07:29:15+08:00,364,71781830accf0df0112baf9702d9b1680f7a7d0a0a33335c7590e15241415e56
notification_artifact,data/notifications/sda_20260612T232914Z_r7_3376fbc9_info_mail.md,sda_20260612T232914Z_r7_3376fbc9,R7,2026-06-15T14:00:00+08:00,2026-06-15T16:00:00+10:00,2026-06-12T23:29:14+00:00,success,pass,2026-06-13T07:29:14+08:00,2026-06-13T07:29:14+08:00,2026-06-13T07:29:15+08:00,3725,bcdb13d5daa8054c3fc90017f77688fca52603dc228f3dc262a7a08f1d70f49c
notification_artifact,data/notifications/sda_20260613T052544Z_r7_90f65668_info.md,sda_20260613T052544Z_r7_90f65668,R7,2026-06-15T14:00:00+08:00,2026-06-15T16:00:00+10:00,2026-06-13T05:25:44+00:00,success,pass,2026-06-13T13:25:45+08:00,2026-06-13T13:25:45+08:00,2026-06-13T13:25:45+08:00,693,748adb4f21ffd24fda768a134d0b7951f871e8dec79249ee7fc9b1a6187be2a3
notification_artifact,data/notifications/sda_20260613T052544Z_r7_90f65668_info_local_notification.applescript,sda_20260613T052544Z_r7_90f65668,R7,2026-06-15T14:00:00+08:00,2026-06-15T16:00:00+10:00,2026-06-13T05:25:44+00:00,success,pass,2026-06-13T13:25:45+08:00,2026-06-13T13:25:45+08:00,2026-06-13T13:25:45+08:00,364,ed3ead3ccd9f6685907ea468dbd9414fde5bc707cec0353a721b6e00f2ae6e5c
notification_artifact,data/notifications/sda_20260613T052544Z_r7_90f65668_info_mail.md,sda_20260613T052544Z_r7_90f65668,R7,2026-06-15T14:00:00+08:00,2026-06-15T16:00:00+10:00,2026-06-13T05:25:44+00:00,success,pass,2026-06-13T13:25:45+08:00,2026-06-13T13:25:45+08:00,2026-06-13T13:25:45+08:00,3751,169bb245b8b326279cf55c300ffad6df7ebcbabf152ba0506b470c459ffd81be
notification_artifact,data/notifications/sda_20260613T053528Z_r8_2579b9f4_alert.md,sda_20260613T053528Z_r8_2579b9f4,R8,2026-06-15T14:30:00+08:00,2026-06-15T16:30:00+10:00,2026-06-13T05:35:28+00:00,success,pass,2026-06-13T13:35:28+08:00,2026-06-13T13:35:28+08:00,2026-06-13T13:35:28+08:00,696,bc4b0ad4fd9a55952e25c2d0ca5cea0f2de78128e5cd81496774057331bb31ab
notification_artifact,data/notifications/sda_20260613T053528Z_r8_2579b9f4_alert_local_notification.applescript,sda_20260613T053528Z_r8_2579b9f4,R8,2026-06-15T14:30:00+08:00,2026-06-15T16:30:00+10:00,2026-06-13T05:35:28+00:00,success,pass,2026-06-13T13:35:28+08:00,2026-06-13T15:39:14+08:00,2026-06-13T15:39:14+08:00,573,d57012bebb0a3ece241fdc32e72cc98911bf0c3f5a9bdf0ecb80d704833fcb21
notification_artifact,data/notifications/sda_20260613T053528Z_r8_2579b9f4_alert_mail.md,sda_20260613T053528Z_r8_2579b9f4,R8,2026-06-15T14:30:00+08:00,2026-06-15T16:30:00+10:00,2026-06-13T05:35:28+00:00,success,pass,2026-06-13T13:35:28+08:00,2026-06-13T15:39:14+08:00,2026-06-13T15:39:14+08:00,1473,78f019e897c4faf4e5c606690739f3fe0505f25a1eb63723d8560e3efe7cd611
notification_artifact,data/notifications/sda_20260613T093809Z_r7_e7c5fc7d_alert.md,sda_20260613T093809Z_r7_e7c5fc7d,R7,2026-06-15T14:30:00+08:00,2026-06-15T16:30:00+10:00,2026-06-13T09:38:09+00:00,success,pass,2026-06-13T17:38:09+08:00,2026-06-13T17:38:09+08:00,2026-06-13T17:38:09+08:00,1382,aa2b25da3a993f2643cf30686f5f4533211ffecd8ea34a0740a12179056ec490
notification_artifact,data/notifications/sda_20260613T093809Z_r7_e7c5fc7d_alert_local_notification.applescript,sda_20260613T093809Z_r7_e7c5fc7d,R7,2026-06-15T14:30:00+08:00,2026-06-15T16:30:00+10:00,2026-06-13T09:38:09+00:00,success,pass,2026-06-13T17:38:09+08:00,2026-06-13T17:38:09+08:00,2026-06-13T17:38:10+08:00,542,03439c552f2477c78fb864638978c2268d749703ce38644741706266ac5e6a5b
notification_artifact,data/notifications/sda_20260613T093809Z_r7_e7c5fc7d_alert_mail.md,sda_20260613T093809Z_r7_e7c5fc7d,R7,2026-06-15T14:30:00+08:00,2026-06-15T16:30:00+10:00,2026-06-13T09:38:09+00:00,success,pass,2026-06-13T17:38:09+08:00,2026-06-13T17:38:09+08:00,2026-06-13T17:38:10+08:00,1543,b33a7b99026e94a8de5ae971bb7cc042317c89b63e835ef075cb680cf75d842d
notification_artifact,data/notifications/sda_20260613T094539Z_r7_31fb1cc3_alert.md,sda_20260613T094539Z_r7_31fb1cc3,R7,2026-06-15T14:30:00+08:00,2026-06-15T16:30:00+10:00,2026-06-13T09:45:39+00:00,success,pass,2026-06-13T17:45:39+08:00,2026-06-13T17:45:39+08:00,2026-06-13T17:45:39+08:00,1314,fbcf7fa058f4b45af66bb0049e9317f9ed200b382ced77d8368506d0aa74ae9a
notification_artifact,data/notifications/sda_20260613T094539Z_r7_31fb1cc3_alert_local_notification.applescript,sda_20260613T094539Z_r7_31fb1cc3,R7,2026-06-15T14:30:00+08:00,2026-06-15T16:30:00+10:00,2026-06-13T09:45:39+00:00,success,pass,2026-06-13T17:45:39+08:00,2026-06-13T18:10:39+08:00,2026-06-13T18:10:39+08:00,573,d57012bebb0a3ece241fdc32e72cc98911bf0c3f5a9bdf0ecb80d704833fcb21
notification_artifact,data/notifications/sda_20260613T094539Z_r7_31fb1cc3_alert_mail.html,sda_20260613T094539Z_r7_31fb1cc3,R7,2026-06-15T14:30:00+08:00,2026-06-15T16:30:00+10:00,2026-06-13T09:45:39+00:00,success,pass,2026-06-13T18:10:39+08:00,2026-06-13T18:10:39+08:00,2026-06-13T18:10:39+08:00,9670,f9511706d3dbdaaaa2836adcc81e341845ade9bbf606d56d42b569c1b2bad17e
notification_artifact,data/notifications/sda_20260613T094539Z_r7_31fb1cc3_alert_mail.md,sda_20260613T094539Z_r7_31fb1cc3,R7,2026-06-15T14:30:00+08:00,2026-06-15T16:30:00+10:00,2026-06-13T09:45:39+00:00,success,pass,2026-06-13T17:45:39+08:00,2026-06-13T18:10:39+08:00,2026-06-13T18:10:39+08:00,1473,1e27355717cda80935ca679cab1cda27746e507c10f51e6ae9f4185d7eca7341
analysis_report_html,data/reports/sda_20260612T121124Z_r7_5dacbac6_report.html,sda_20260612T121124Z_r7_5dacbac6,R7,2026-06-12T14:00:00+08:00,2026-06-12T16:00:00+10:00,2026-06-12T12:11:24+00:00,degraded,manual_review,2026-06-12T20:11:24+08:00,2026-06-13T16:02:49+08:00,2026-06-13T16:02:49+08:00,3792,43a2fa819b35a77048c45ffe2ea62ff73edcb751bb03e141a57e087e581ba668
analysis_report_markdown,data/reports/sda_20260612T121124Z_r7_5dacbac6_report.md,sda_20260612T121124Z_r7_5dacbac6,R7,2026-06-12T14:00:00+08:00,2026-06-12T16:00:00+10:00,2026-06-12T12:11:24+00:00,degraded,manual_review,2026-06-12T20:11:24+08:00,2026-06-13T16:02:49+08:00,2026-06-13T16:02:49+08:00,3109,b5ec081c0cff8881fae7380c06828ad47a92bad0aea9df983e75c2cdbbd385d0
analysis_report_html,data/reports/sda_20260612T121246Z_r7_5492880d_report.html,sda_20260612T121246Z_r7_5492880d,R7,2026-06-12T14:00:00+08:00,2026-06-12T16:00:00+10:00,2026-06-12T12:12:46+00:00,degraded,manual_review,2026-06-12T20:12:47+08:00,2026-06-13T16:02:49+08:00,2026-06-13T16:02:49+08:00,3846,f6d55b7fb9c0c2c72ad5c9092486d80a1c931d979a6b067d5705b820ad50d186
analysis_report_markdown,data/reports/sda_20260612T121246Z_r7_5492880d_report.md,sda_20260612T121246Z_r7_5492880d,R7,2026-06-12T14:00:00+08:00,2026-06-12T16:00:00+10:00,2026-06-12T12:12:46+00:00,degraded,manual_review,2026-06-12T20:12:47+08:00,2026-06-13T16:02:49+08:00,2026-06-13T16:02:49+08:00,3163,99ffa6369e22e33dcb7cec044ab55aa29067dc23a1b6379d779e1c8c814b6b0f
analysis_report_html,data/reports/sda_20260612T122902Z_r11_ca0de309_report.html,sda_20260612T122902Z_r11_ca0de309,R11,2026-06-12T17:00:00+08:00,2026-06-12T19:00:00+10:00,2026-06-12T12:29:02+00:00,degraded,manual_review,2026-06-12T20:29:02+08:00,2026-06-13T16:02:49+08:00,2026-06-13T16:02:49+08:00,4477,85130bf05ee2a334b33e5aa0d4fcfae877e45a96b0a33d6844068c2e9bfbab9b
analysis_report_markdown,data/reports/sda_20260612T122902Z_r11_ca0de309_report.md,sda_20260612T122902Z_r11_ca0de309,R11,2026-06-12T17:00:00+08:00,2026-06-12T19:00:00+10:00,2026-06-12T12:29:02+00:00,degraded,manual_review,2026-06-12T20:29:02+08:00,2026-06-13T16:02:49+08:00,2026-06-13T16:02:49+08:00,3793,c9cde97774794419d8933575cdd2f74666aef28ed8d9532bdfcf73605f8d4a63
analysis_report_html,data/reports/sda_20260612T122902Z_r6_4cdf476d_report.html,sda_20260612T122902Z_r6_4cdf476d,R6,2026-06-12T13:30:00+08:00,2026-06-12T15:30:00+10:00,2026-06-12T12:29:02+00:00,degraded,manual_review,2026-06-12T20:29:02+08:00,2026-06-13T16:02:49+08:00,2026-06-13T16:02:49+08:00,4406,f83a56e5fae55ed186a7a23782fd786ed931731400b3f13716dd76fedeb58590
analysis_report_markdown,data/reports/sda_20260612T122902Z_r6_4cdf476d_report.md,sda_20260612T122902Z_r6_4cdf476d,R6,2026-06-12T13:30:00+08:00,2026-06-12T15:30:00+10:00,2026-06-12T12:29:02+00:00,degraded,manual_review,2026-06-12T20:29:02+08:00,2026-06-13T16:02:49+08:00,2026-06-13T16:02:49+08:00,3723,0d65e1f21a36b949ca837a27e85f43c93b290607aba79c0be37e7e2bedf4324f
analysis_report_html,data/reports/sda_20260612T122902Z_r7_e791c6e9_report.html,sda_20260612T122902Z_r7_e791c6e9,R7,2026-06-12T14:00:00+08:00,2026-06-12T16:00:00+10:00,2026-06-12T12:29:02+00:00,degraded,manual_review,2026-06-12T20:29:02+08:00,2026-06-13T16:02:49+08:00,2026-06-13T16:02:49+08:00,4475,2e461de36e8c12decb3b3f6325987e90e985eb9cb53a15ba092e74e47c9b7feb
analysis_report_markdown,data/reports/sda_20260612T122902Z_r7_e791c6e9_report.md,sda_20260612T122902Z_r7_e791c6e9,R7,2026-06-12T14:00:00+08:00,2026-06-12T16:00:00+10:00,2026-06-12T12:29:02+00:00,degraded,manual_review,2026-06-12T20:29:02+08:00,2026-06-13T16:02:49+08:00,2026-06-13T16:02:49+08:00,3792,a621e4c129022ed0791805140b196fdf2845733b3124131a553776a489b06bf4
analysis_report_html,data/reports/sda_20260612T122919Z_r7_add1687e_report.html,sda_20260612T122919Z_r7_add1687e,R7,2026-06-12T14:00:00+08:00,2026-06-12T16:00:00+10:00,2026-06-12T12:29:19+00:00,degraded,manual_review,2026-06-12T20:29:19+08:00,2026-06-13T16:02:49+08:00,2026-06-13T16:02:49+08:00,4475,5c8bb3a80f8c676fcb1919207ae03d7b04554ff17de44dbc5f18603d162a7793
analysis_report_markdown,data/reports/sda_20260612T122919Z_r7_add1687e_report.md,sda_20260612T122919Z_r7_add1687e,R7,2026-06-12T14:00:00+08:00,2026-06-12T16:00:00+10:00,2026-06-12T12:29:19+00:00,degraded,manual_review,2026-06-12T20:29:19+08:00,2026-06-13T16:02:49+08:00,2026-06-13T16:02:49+08:00,3792,caf10e9367674cc94e36bc1fdba83d5c09a326dbebab95cc57f0d5c62b20341e
analysis_report_html,data/reports/sda_20260612T123134Z_r7_f90ff0b7_report.html,sda_20260612T123134Z_r7_f90ff0b7,R7,2026-06-12T14:00:00+08:00,2026-06-12T16:00:00+10:00,2026-06-12T12:31:34+00:00,degraded,manual_review,2026-06-12T20:31:34+08:00,2026-06-13T16:02:49+08:00,2026-06-13T16:02:49+08:00,4475,949a9c96bf4e8b437aa5bd642fe6f7cd922a2f4d513b765f6b5ab143dd776a09
analysis_report_markdown,data/reports/sda_20260612T123134Z_r7_f90ff0b7_report.md,sda_20260612T123134Z_r7_f90ff0b7,R7,2026-06-12T14:00:00+08:00,2026-06-12T16:00:00+10:00,2026-06-12T12:31:34+00:00,degraded,manual_review,2026-06-12T20:31:34+08:00,2026-06-13T16:02:49+08:00,2026-06-13T16:02:49+08:00,3792,f60bb09a8267121172a119a06eddf43f25db366e79112ea6d55213518f56fdfd
analysis_report_html,data/reports/sda_20260612T124341Z_r7_8f30c216_report.html,sda_20260612T124341Z_r7_8f30c216,R7,2026-06-12T14:00:00+08:00,2026-06-12T16:00:00+10:00,2026-06-12T12:43:41+00:00,degraded,manual_review,2026-06-12T20:43:42+08:00,2026-06-13T16:02:49+08:00,2026-06-13T16:02:49+08:00,4475,bafe0761d8d9b82392b4fd5986035b328ea9b5e24176df0f75fb7c1634d582c4
analysis_report_markdown,data/reports/sda_20260612T124341Z_r7_8f30c216_report.md,sda_20260612T124341Z_r7_8f30c216,R7,2026-06-12T14:00:00+08:00,2026-06-12T16:00:00+10:00,2026-06-12T12:43:41+00:00,degraded,manual_review,2026-06-12T20:43:42+08:00,2026-06-13T16:02:49+08:00,2026-06-13T16:02:49+08:00,3792,110d35e2079b58bc991e1929f73868798a71c8c73948d5a7194fc409f8854312
analysis_report_html,data/reports/sda_20260612T124553Z_r7_24a16c28_report.html,sda_20260612T124553Z_r7_24a16c28,R7,2026-06-12T14:00:00+08:00,2026-06-12T16:00:00+10:00,2026-06-12T12:45:53+00:00,degraded,manual_review,2026-06-12T20:45:53+08:00,2026-06-13T16:02:49+08:00,2026-06-13T16:02:49+08:00,4475,b5e307ff02111888bfd3515d65e4e4ba0f9dec3486b5c6f4454f9d595b88efc0
analysis_report_markdown,data/reports/sda_20260612T124553Z_r7_24a16c28_report.md,sda_20260612T124553Z_r7_24a16c28,R7,2026-06-12T14:00:00+08:00,2026-06-12T16:00:00+10:00,2026-06-12T12:45:53+00:00,degraded,manual_review,2026-06-12T20:45:53+08:00,2026-06-13T16:02:49+08:00,2026-06-13T16:02:49+08:00,3792,f949e1648ab34945410e160b908dc98193c44ca2ad87ec48f87fd625c2f5b4c0
analysis_report_html,data/reports/sda_20260612T130416Z_r7_eae1cc9a_report.html,sda_20260612T130416Z_r7_eae1cc9a,R7,2026-06-12T14:00:00+08:00,2026-06-12T16:00:00+10:00,2026-06-12T13:04:16+00:00,success,manual_review,2026-06-12T21:04:16+08:00,2026-06-13T16:02:49+08:00,2026-06-13T16:02:49+08:00,4472,97f1afd9e2720e1f440596400c0cce2fb2a39897509bb6922851afca06721a62
analysis_report_markdown,data/reports/sda_20260612T130416Z_r7_eae1cc9a_report.md,sda_20260612T130416Z_r7_eae1cc9a,R7,2026-06-12T14:00:00+08:00,2026-06-12T16:00:00+10:00,2026-06-12T13:04:16+00:00,success,manual_review,2026-06-12T21:04:16+08:00,2026-06-13T16:02:49+08:00,2026-06-13T16:02:49+08:00,3789,98c694bb77417b512433b4f137de8bd0998966d122429c65a45b36f6e04349af
analysis_report_html,data/reports/sda_20260612T131641Z_r7_198b8991_report.html,sda_20260612T131641Z_r7_198b8991,R7,2026-06-12T14:00:00+08:00,2026-06-12T16:00:00+10:00,2026-06-12T13:16:41+00:00,success,manual_review,2026-06-12T21:16:41+08:00,2026-06-13T16:02:49+08:00,2026-06-13T16:02:49+08:00,4472,3f6009d5ba502e5ae416a5b9d6e3fa8c205b7dbdad04c2f8042d7b51028dc40b
analysis_report_markdown,data/reports/sda_20260612T131641Z_r7_198b8991_report.md,sda_20260612T131641Z_r7_198b8991,R7,2026-06-12T14:00:00+08:00,2026-06-12T16:00:00+10:00,2026-06-12T13:16:41+00:00,success,manual_review,2026-06-12T21:16:41+08:00,2026-06-13T16:02:49+08:00,2026-06-13T16:02:49+08:00,3789,d10efbf02a4bde6c1d5bca3cf73c27d9c75c00ff10d87f38420f86d53bf97525
analysis_report_html,data/reports/sda_20260612T133640Z_r7_ebac0009_report.html,sda_20260612T133640Z_r7_ebac0009,R7,2026-06-12T14:00:00+08:00,2026-06-12T16:00:00+10:00,2026-06-12T13:36:40+00:00,success,manual_review,2026-06-12T21:36:40+08:00,2026-06-13T16:02:49+08:00,2026-06-13T16:02:49+08:00,4664,4d85fbc555fa935d36b3fef323f8c7fa391c47065c15d569299a71b461874afd
analysis_report_markdown,data/reports/sda_20260612T133640Z_r7_ebac0009_report.md,sda_20260612T133640Z_r7_ebac0009,R7,2026-06-12T14:00:00+08:00,2026-06-12T16:00:00+10:00,2026-06-12T13:36:40+00:00,success,manual_review,2026-06-12T21:36:40+08:00,2026-06-13T16:02:49+08:00,2026-06-13T16:02:49+08:00,3981,48c4d76a8ff51c556e18150e2fe4f3c8acb4c4852dbab4c1a185641bb4f47c51
analysis_report_html,data/reports/sda_20260612T134751Z_r8_156c2209_report.html,sda_20260612T134751Z_r8_156c2209,R8,2026-06-12T14:30:00+08:00,2026-06-12T16:30:00+10:00,2026-06-12T13:47:51+00:00,success,manual_review,2026-06-12T21:47:51+08:00,2026-06-13T16:02:49+08:00,2026-06-13T16:02:49+08:00,4664,76a297dfa517ec1190fc3871fcbe0d77117352b7f1725306aac50dab6363c211
analysis_report_markdown,data/reports/sda_20260612T134751Z_r8_156c2209_report.md,sda_20260612T134751Z_r8_156c2209,R8,2026-06-12T14:30:00+08:00,2026-06-12T16:30:00+10:00,2026-06-12T13:47:51+00:00,success,manual_review,2026-06-12T21:47:51+08:00,2026-06-13T16:02:49+08:00,2026-06-13T16:02:49+08:00,3981,ef778c1e3f7136dc7d63c7320c718e6ce107706d2b2f73f433ca220146b42aae
analysis_report_html,data/reports/sda_20260612T134953Z_r9_3617c744_report.html,sda_20260612T134953Z_r9_3617c744,R9,2026-06-12T15:00:00+08:00,2026-06-12T17:00:00+10:00,2026-06-12T13:49:53+00:00,success,manual_review,2026-06-12T21:49:53+08:00,2026-06-13T16:02:49+08:00,2026-06-13T16:02:49+08:00,4573,c1c3cde15ebdd27fa193765067371fae68ed52fd9980af2d9a8b965faf6bab9a
analysis_report_markdown,data/reports/sda_20260612T134953Z_r9_3617c744_report.md,sda_20260612T134953Z_r9_3617c744,R9,2026-06-12T15:00:00+08:00,2026-06-12T17:00:00+10:00,2026-06-12T13:49:53+00:00,success,manual_review,2026-06-12T21:49:53+08:00,2026-06-13T16:02:49+08:00,2026-06-13T16:02:49+08:00,3890,8b427524cddf4ff577433df10729c8f1d1505a338a010d821caad1e2ddda0a6c
analysis_report_html,data/reports/sda_20260612T135355Z_r10_1ed0cc9a_report.html,sda_20260612T135355Z_r10_1ed0cc9a,R10,2026-06-12T15:30:00+08:00,2026-06-12T17:30:00+10:00,2026-06-12T13:53:55+00:00,success,manual_review,2026-06-12T21:53:55+08:00,2026-06-13T16:02:49+08:00,2026-06-13T16:02:49+08:00,4575,52d3b2d0a545e1f3a9f20abebbe00ba46a02a71b35a39a7ebedbaffa0daa5161
analysis_report_markdown,data/reports/sda_20260612T135355Z_r10_1ed0cc9a_report.md,sda_20260612T135355Z_r10_1ed0cc9a,R10,2026-06-12T15:30:00+08:00,2026-06-12T17:30:00+10:00,2026-06-12T13:53:55+00:00,success,manual_review,2026-06-12T21:53:55+08:00,2026-06-13T16:02:49+08:00,2026-06-13T16:02:49+08:00,3891,7d53064671594e5ae5193b5a7db03321db1cf96af70d49514f363b4d43034dc9
analysis_report_html,data/reports/sda_20260612T154921Z_r10_d1c71c5c_report.html,sda_20260612T154921Z_r10_d1c71c5c,R10,2026-06-12T15:30:00+08:00,2026-06-12T17:30:00+10:00,2026-06-12T15:49:21+00:00,success,manual_review,2026-06-12T23:49:21+08:00,2026-06-13T16:02:49+08:00,2026-06-13T16:02:49+08:00,4575,f63de4c1370393a58e5a829749bdb44f91aee07a1a95c467d99e8c813cca1d0d
analysis_report_markdown,data/reports/sda_20260612T154921Z_r10_d1c71c5c_report.md,sda_20260612T154921Z_r10_d1c71c5c,R10,2026-06-12T15:30:00+08:00,2026-06-12T17:30:00+10:00,2026-06-12T15:49:21+00:00,success,manual_review,2026-06-12T23:49:21+08:00,2026-06-13T16:02:49+08:00,2026-06-13T16:02:49+08:00,3891,c477a618d9895b668992e83637a7fda9fa9002fe08440adc22e154c7e8a79ff2
analysis_report_html,data/reports/sda_20260612T155119Z_r10_b8ed3e38_report.html,sda_20260612T155119Z_r10_b8ed3e38,R10,2026-06-12T15:30:00+08:00,2026-06-12T17:30:00+10:00,2026-06-12T15:51:19+00:00,success,manual_review,2026-06-12T23:51:19+08:00,2026-06-13T16:02:49+08:00,2026-06-13T16:02:49+08:00,4575,3c434bf56f0fbe105aabddf2f332b75903298b8ba894a1ebcf892d8dc2cf5293
analysis_report_markdown,data/reports/sda_20260612T155119Z_r10_b8ed3e38_report.md,sda_20260612T155119Z_r10_b8ed3e38,R10,2026-06-12T15:30:00+08:00,2026-06-12T17:30:00+10:00,2026-06-12T15:51:19+00:00,success,manual_review,2026-06-12T23:51:19+08:00,2026-06-13T16:02:49+08:00,2026-06-13T16:02:49+08:00,3891,65a843e1e6de54c8b1346b1b4820827d357b2939c20175f96f4f5a3b2c6d2dfe
analysis_report_html,data/reports/sda_20260612T223410Z_r1_b30227f6_report.html,sda_20260612T223410Z_r1_b30227f6,R1,2026-06-13T06:00:00+08:00,2026-06-13T08:00:00+10:00,2026-06-12T22:34:10+00:00,success,pass,2026-06-13T06:34:13+08:00,2026-06-13T16:02:49+08:00,2026-06-13T16:02:49+08:00,4482,56b2afb3667d654b341fbe25c0c06a135d707f5418791ece8f01ff1ff9d7d540
analysis_report_markdown,data/reports/sda_20260612T223410Z_r1_b30227f6_report.md,sda_20260612T223410Z_r1_b30227f6,R1,2026-06-13T06:00:00+08:00,2026-06-13T08:00:00+10:00,2026-06-12T22:34:10+00:00,success,pass,2026-06-13T06:34:13+08:00,2026-06-13T16:02:49+08:00,2026-06-13T16:02:49+08:00,3799,c6f3f1acea0ca95cf4cc0b295f8d9281394d45c0c4f31b037b3d29e0321ef17d
analysis_report_html,data/reports/sda_20260612T223455Z_r2_5818c189_report.html,sda_20260612T223455Z_r2_5818c189,R2,2026-06-13T08:00:00+08:00,2026-06-13T10:00:00+10:00,2026-06-12T22:34:55+00:00,success,pass,2026-06-13T06:34:55+08:00,2026-06-13T16:02:49+08:00,2026-06-13T16:02:49+08:00,4073,e613f38ea526d8d3f9945d2621ff718f82dfbcc22d170e369aa9147bd523e792
analysis_report_markdown,data/reports/sda_20260612T223455Z_r2_5818c189_report.md,sda_20260612T223455Z_r2_5818c189,R2,2026-06-13T08:00:00+08:00,2026-06-13T10:00:00+10:00,2026-06-12T22:34:55+00:00,success,pass,2026-06-13T06:34:55+08:00,2026-06-13T16:02:49+08:00,2026-06-13T16:02:49+08:00,3390,6a0fc9a5262f1e094319f6b07c6ebfbb2fb19a3b56d6cbe42047ae6b5d8624c7
analysis_report_html,data/reports/sda_20260612T232320Z_r7_225b44c5_report.html,sda_20260612T232320Z_r7_225b44c5,R7,2026-06-13T14:00:00+08:00,2026-06-13T16:00:00+10:00,2026-06-12T23:23:20+00:00,success,pass,2026-06-13T07:23:20+08:00,2026-06-13T16:02:49+08:00,2026-06-13T16:02:49+08:00,4219,bf69aaa9b4d0cbc9a73f55e6a267f3d6ff53a59eb780c7d79b57132d0c0f07ca
analysis_report_markdown,data/reports/sda_20260612T232320Z_r7_225b44c5_report.md,sda_20260612T232320Z_r7_225b44c5,R7,2026-06-13T14:00:00+08:00,2026-06-13T16:00:00+10:00,2026-06-12T23:23:20+00:00,success,pass,2026-06-13T07:23:20+08:00,2026-06-13T16:02:49+08:00,2026-06-13T16:02:49+08:00,3536,9f335eb97762a5374a9f0be260d7c18e719fc6212696725af3230416640879c0
analysis_report_html,data/reports/sda_20260612T232600Z_r7_db885ff0_report.html,sda_20260612T232600Z_r7_db885ff0,R7,2026-06-15T14:00:00+08:00,2026-06-15T16:00:00+10:00,2026-06-12T23:26:00+00:00,success,pass,2026-06-13T07:26:00+08:00,2026-06-13T16:02:49+08:00,2026-06-13T16:02:49+08:00,4073,32db6ef59a34509a542d0bc454de16e883b8bd891c31d8d5d23809652df6831c
analysis_report_markdown,data/reports/sda_20260612T232600Z_r7_db885ff0_report.md,sda_20260612T232600Z_r7_db885ff0,R7,2026-06-15T14:00:00+08:00,2026-06-15T16:00:00+10:00,2026-06-12T23:26:00+00:00,success,pass,2026-06-13T07:26:00+08:00,2026-06-13T16:02:49+08:00,2026-06-13T16:02:49+08:00,3390,b3417436da66fcc4bf81735aea1951dae370e778206dab965c38cd3edae2a1e1
analysis_report_html,data/reports/sda_20260612T232914Z_r7_3376fbc9_report.html,sda_20260612T232914Z_r7_3376fbc9,R7,2026-06-15T14:00:00+08:00,2026-06-15T16:00:00+10:00,2026-06-12T23:29:14+00:00,success,pass,2026-06-13T07:29:14+08:00,2026-06-13T16:02:49+08:00,2026-06-13T16:02:49+08:00,4009,1f3092c444dcc1fa255a5c8138660670b4ba7c91c0c9a55bc665be85fa61d9e5
analysis_report_markdown,data/reports/sda_20260612T232914Z_r7_3376fbc9_report.md,sda_20260612T232914Z_r7_3376fbc9,R7,2026-06-15T14:00:00+08:00,2026-06-15T16:00:00+10:00,2026-06-12T23:29:14+00:00,success,pass,2026-06-13T07:29:14+08:00,2026-06-13T16:02:49+08:00,2026-06-13T16:02:49+08:00,3326,9e634aae9acd3754f640bf90464dba831797413668f136e4ebfaa4b8d5475ade
analysis_report_html,data/reports/sda_20260613T052544Z_r7_90f65668_report.html,sda_20260613T052544Z_r7_90f65668,R7,2026-06-15T14:00:00+08:00,2026-06-15T16:00:00+10:00,2026-06-13T05:25:44+00:00,success,pass,2026-06-13T13:25:45+08:00,2026-06-13T16:02:49+08:00,2026-06-13T16:02:49+08:00,4012,5e7f527614a6ddae2a529a90e978d3240ce854722294ef0b29882fd9f5038968
analysis_report_markdown,data/reports/sda_20260613T052544Z_r7_90f65668_report.md,sda_20260613T052544Z_r7_90f65668,R7,2026-06-15T14:00:00+08:00,2026-06-15T16:00:00+10:00,2026-06-13T05:25:44+00:00,success,pass,2026-06-13T13:25:45+08:00,2026-06-13T16:02:49+08:00,2026-06-13T16:02:49+08:00,3329,3688b0f6d4bbbe29558b5491cba8210773d3ce09adef49e2fd64251b1c103795
analysis_report_html,data/reports/sda_20260613T053528Z_r8_2579b9f4_report.html,sda_20260613T053528Z_r8_2579b9f4,R8,2026-06-15T14:30:00+08:00,2026-06-15T16:30:00+10:00,2026-06-13T05:35:28+00:00,success,pass,2026-06-13T13:35:28+08:00,2026-06-13T16:02:49+08:00,2026-06-13T16:02:49+08:00,4103,56edc6f670ef334184278c5dcb51c851c1fb01ca0757c17bf12845f865a5a99e
analysis_report_markdown,data/reports/sda_20260613T053528Z_r8_2579b9f4_report.md,sda_20260613T053528Z_r8_2579b9f4,R8,2026-06-15T14:30:00+08:00,2026-06-15T16:30:00+10:00,2026-06-13T05:35:28+00:00,success,pass,2026-06-13T13:35:28+08:00,2026-06-13T16:02:49+08:00,2026-06-13T16:02:49+08:00,3420,80305607e70ddc463c0868b59de7af541d3f66d1a9cf0ea7d4a3cba17c287182
analysis_report_html,data/reports/sda_20260613T093809Z_r7_e7c5fc7d_report.html,sda_20260613T093809Z_r7_e7c5fc7d,R7,2026-06-15T14:30:00+08:00,2026-06-15T16:30:00+10:00,2026-06-13T09:38:09+00:00,success,pass,2026-06-13T17:38:09+08:00,2026-06-13T17:38:09+08:00,2026-06-13T17:38:09+08:00,4344,1a8048aa0d215581fd7219fa7abd097f9df63356f31ee60eab57baa316cdd680
analysis_report_markdown,data/reports/sda_20260613T093809Z_r7_e7c5fc7d_report.md,sda_20260613T093809Z_r7_e7c5fc7d,R7,2026-06-15T14:30:00+08:00,2026-06-15T16:30:00+10:00,2026-06-13T09:38:09+00:00,success,pass,2026-06-13T17:38:09+08:00,2026-06-13T17:38:09+08:00,2026-06-13T17:38:09+08:00,3661,e13b50d0a0cf0e9d595b2d165fa45dc15648b0cbc1c13a52eda8947e7e38938b
analysis_report_html,data/reports/sda_20260613T094539Z_r7_31fb1cc3_report.html,sda_20260613T094539Z_r7_31fb1cc3,R7,2026-06-15T14:30:00+08:00,2026-06-15T16:30:00+10:00,2026-06-13T09:45:39+00:00,success,pass,2026-06-13T17:45:39+08:00,2026-06-13T17:45:39+08:00,2026-06-13T17:45:39+08:00,4189,ae7d20660721b07d63ebeaba5ad7fb7c6d373f134799739ce7a42e9caafd22b7
analysis_report_markdown,data/reports/sda_20260613T094539Z_r7_31fb1cc3_report.md,sda_20260613T094539Z_r7_31fb1cc3,R7,2026-06-15T14:30:00+08:00,2026-06-15T16:30:00+10:00,2026-06-13T09:45:39+00:00,success,pass,2026-06-13T17:45:39+08:00,2026-06-13T17:45:39+08:00,2026-06-13T17:45:39+08:00,3506,4f58cf62c73f900b871ee6e6e294f6144b3dfc8bf8246b389d7890ad3729420b
